Actual_E,Actual_N,Pred_E,Pred_N,Error_KM
0.18107942,0.2636794,-0.22997819,0.021738213,53.096706
3.6091205e-05,0.19220164,-0.21251258,0.027016895,29.966164
-0.00035465378,1.7985244e-10,-0.21732835,0.024822885,24.311066
