Actual_E,Actual_N,Pred_E,Pred_N,Error_KM
0.18107942,0.2636794,-0.6954695,-0.0026092753,101.98077
3.6091205e-05,0.19220164,-0.039024748,0.2894252,11.663748
-0.00035465378,1.7985244e-10,-0.15856826,0.21229991,29.474123
