Actual_E,Actual_N,Pred_E,Pred_N,Error_KM
0.18107942,0.2636794,-0.21799983,0.025545433,51.73351
3.6091205e-05,0.19220164,-0.21799983,0.025545433,30.54998
-0.00035465378,1.7985244e-10,-0.21799983,0.025545433,24.394577
