Actual_E,Actual_N,Pred_E,Pred_N,Error_KM
0.18107942,0.2636794,-0.2292183,0.021969564,53.01075
3.6091205e-05,0.19220164,-0.20502114,0.027946293,29.247366
-0.00035465378,1.7985244e-10,-0.20266071,0.028554402,22.74393
