Actual_E,Actual_N,Pred_E,Pred_N,Error_KM
0.18107942,0.2636794,-0.21795215,0.025500404,51.73152
3.6091205e-05,0.19220164,-0.46932983,0.9880892,102.8576
-0.00035465378,1.7985244e-10,-0.46932983,0.9880892,121.75467
