Actual_E_ms,Actual_N_ms,Pred_E_ms,Pred_N_ms,Error_KM_24h
3.608968e-05,0.19220164,-0.16824146,-0.06915121,26.856733
