Model,PPA (%),MAPE (%),F1-Score,NSE,RMSE (Particles/L),R^2,p-Value,Training Time (Hours)
ST-GAT (15km),43.0,100.0,0.6013986013986014,0.7348245354575154,0.44191101074900274,0.7348245354575154,0.800,1.08
ST-GAT (50km),63.0,100.0,0.7730061349693251,0.760370509172375,0.4168975207286501,0.760370509172375,0.191,3.6
ST-GAT (100km),63.0,100.0,0.7730061349693251,0.7140497971503905,0.48054275161443516,0.7140497971503905,0.667,7.2
ST-GAT (150km),53.0,100.0,0.6928104575163399,0.7338445084240001,0.4831142382749245,0.7338445084240001,0.683,10.8
ST-GAT (200km),54.0,100.0,0.7012987012987013,0.7022577329249853,0.4739814837684205,0.7022577329249853,0.679,14.4
